"salescategory","count","sum"
Small Sale,6812,831732.94422625006055
Medium Sale,3452,1238812.328236801049
Large Sale,1505,964804.953319518445
